date_releve,marque,nb_total,nb_electrique,proportion_electrique
2026-07-10T14:58:09,Alfa Romeo,29,4,0.1379
2026-07-10T14:58:09,Alpine,1,1,1.0
2026-07-10T14:58:09,Audi,68,4,0.0588
2026-07-10T14:58:09,BMW,60,5,0.0833
2026-07-10T14:58:09,BYD,18,6,0.3333
2026-07-10T14:58:09,Citroën,281,38,0.1352
2026-07-10T14:58:09,Cupra,26,0,0.0
2026-07-10T14:58:09,DS,70,2,0.0286
2026-07-10T14:58:09,Dacia,171,17,0.0994
2026-07-10T14:58:09,Fiat,89,36,0.4045
2026-07-10T14:58:09,Ford,91,1,0.011
2026-07-10T14:58:09,Honda,6,0,0.0
2026-07-10T14:58:09,Hyundai,67,4,0.0597
2026-07-10T14:58:09,Infiniti,1,0,0.0
2026-07-10T14:58:09,Jaecoo,4,0,0.0
2026-07-10T14:58:09,Jaguar,1,1,1.0
2026-07-10T14:58:09,Jeep,57,11,0.193
2026-07-10T14:58:09,Kia,47,4,0.0851
2026-07-10T14:58:09,Lancia,2,1,0.5
2026-07-10T14:58:09,Lexus,2,0,0.0
2026-07-10T14:58:09,Lynk&Co,4,0,0.0
2026-07-10T14:58:09,MG,75,19,0.2533
2026-07-10T14:58:09,Mazda,13,3,0.2308
2026-07-10T14:58:09,Mercedes,40,0,0.0
2026-07-10T14:58:09,Mini,31,4,0.129
2026-07-10T14:58:09,Mitsubishi,1,0,0.0
2026-07-10T14:58:09,Nissan,56,1,0.0179
2026-07-10T14:58:09,Opel,135,33,0.2444
2026-07-10T14:58:09,Peugeot,723,78,0.1079
2026-07-10T14:58:09,Renault,478,99,0.2071
2026-07-10T14:58:09,Seat,31,0,0.0
2026-07-10T14:58:09,Skoda,29,2,0.069
2026-07-10T14:58:09,Smart,8,7,0.875
2026-07-10T14:58:09,Suzuki,9,0,0.0
2026-07-10T14:58:09,Tesla,20,20,1.0
2026-07-10T14:58:09,Toyota,91,0,0.0
2026-07-10T14:58:09,Volkswagen,173,6,0.0347
2026-07-10T14:58:09,Volvo,22,2,0.0909
2026-07-10T14:58:09,XPENG,1,1,1.0
2026-07-11T07:43:48,Alfa Romeo,29,4,0.1379
2026-07-11T07:43:48,Alpine,1,1,1.0
2026-07-11T07:43:48,Audi,69,4,0.058
2026-07-11T07:43:48,BMW,63,5,0.0794
2026-07-11T07:43:48,BYD,18,6,0.3333
2026-07-11T07:43:48,Citroën,284,36,0.1268
2026-07-11T07:43:48,Cupra,26,0,0.0
2026-07-11T07:43:48,DS,73,2,0.0274
2026-07-11T07:43:48,Dacia,175,17,0.0971
2026-07-11T07:43:48,Fiat,85,36,0.4235
2026-07-11T07:43:48,Ford,92,1,0.0109
2026-07-11T07:43:48,Honda,6,0,0.0
2026-07-11T07:43:48,Hyundai,66,4,0.0606
2026-07-11T07:43:48,Infiniti,1,0,0.0
2026-07-11T07:43:48,Jaecoo,4,0,0.0
2026-07-11T07:43:48,Jaguar,1,1,1.0
2026-07-11T07:43:48,Jeep,58,11,0.1897
2026-07-11T07:43:48,Kia,50,4,0.08
2026-07-11T07:43:48,Lancia,2,1,0.5
2026-07-11T07:43:48,Lexus,2,0,0.0
2026-07-11T07:43:48,Lynk&Co,3,0,0.0
2026-07-11T07:43:48,MG,75,19,0.2533
2026-07-11T07:43:48,Mazda,13,3,0.2308
2026-07-11T07:43:48,Mercedes,40,0,0.0
2026-07-11T07:43:48,Mini,31,4,0.129
2026-07-11T07:43:48,Mitsubishi,1,0,0.0
2026-07-11T07:43:48,Nissan,58,1,0.0172
2026-07-11T07:43:48,Opel,131,31,0.2366
2026-07-11T07:43:48,Peugeot,721,80,0.111
2026-07-11T07:43:48,Renault,476,99,0.208
2026-07-11T07:43:48,Seat,33,0,0.0
2026-07-11T07:43:48,Skoda,30,2,0.0667
2026-07-11T07:43:48,Smart,7,6,0.8571
2026-07-11T07:43:48,Suzuki,9,0,0.0
2026-07-11T07:43:48,Tesla,23,23,1.0
2026-07-11T07:43:48,Toyota,94,0,0.0
2026-07-11T07:43:48,Volkswagen,179,6,0.0335
2026-07-11T07:43:48,Volvo,23,2,0.087
2026-07-11T07:43:48,XPENG,1,1,1.0
2026-07-12T08:04:38,Alfa Romeo,29,4,0.1379
2026-07-12T08:04:38,Alpine,1,1,1.0
2026-07-12T08:04:38,Audi,66,4,0.0606
2026-07-12T08:04:38,BMW,59,5,0.0847
2026-07-12T08:04:38,BYD,17,6,0.3529
2026-07-12T08:04:38,Citroën,266,34,0.1278
2026-07-12T08:04:38,Cupra,24,0,0.0
2026-07-12T08:04:38,DS,72,1,0.0139
2026-07-12T08:04:38,Dacia,163,16,0.0982
2026-07-12T08:04:38,Fiat,80,35,0.4375
2026-07-12T08:04:38,Ford,88,1,0.0114
2026-07-12T08:04:38,Honda,6,0,0.0
2026-07-12T08:04:38,Hyundai,62,3,0.0484
2026-07-12T08:04:38,Infiniti,1,0,0.0
2026-07-12T08:04:38,Jaecoo,4,0,0.0
2026-07-12T08:04:38,Jaguar,1,1,1.0
2026-07-12T08:04:38,Jeep,52,11,0.2115
2026-07-12T08:04:38,Kia,49,4,0.0816
2026-07-12T08:04:38,Lancia,2,1,0.5
2026-07-12T08:04:38,Lexus,2,0,0.0
2026-07-12T08:04:38,Lynk&Co,2,0,0.0
2026-07-12T08:04:38,MG,72,16,0.2222
2026-07-12T08:04:38,Mazda,12,3,0.25
2026-07-12T08:04:38,Mercedes,37,0,0.0
2026-07-12T08:04:38,Mini,29,3,0.1034
2026-07-12T08:04:38,Mitsubishi,1,0,0.0
2026-07-12T08:04:38,Nissan,55,1,0.0182
2026-07-12T08:04:38,Opel,120,28,0.2333
2026-07-12T08:04:38,Peugeot,674,78,0.1157
2026-07-12T08:04:38,Renault,446,91,0.204
2026-07-12T08:04:38,Seat,31,0,0.0
2026-07-12T08:04:38,Skoda,28,2,0.0714
2026-07-12T08:04:38,Smart,6,6,1.0
2026-07-12T08:04:38,Suzuki,9,0,0.0
2026-07-12T08:04:38,Tesla,21,21,1.0
2026-07-12T08:04:38,Toyota,87,0,0.0
2026-07-12T08:04:38,Volkswagen,171,6,0.0351
2026-07-12T08:04:38,Volvo,22,2,0.0909
2026-07-12T08:04:38,XPENG,1,1,1.0
2026-07-13T08:13:11,Alfa Romeo,29,4,0.1379
2026-07-13T08:13:11,Alpine,1,1,1.0
2026-07-13T08:13:11,Audi,65,4,0.0615
2026-07-13T08:13:11,BMW,59,5,0.0847
2026-07-13T08:13:11,BYD,15,5,0.3333
2026-07-13T08:13:11,Citroën,270,34,0.1259
2026-07-13T08:13:11,Cupra,24,0,0.0
2026-07-13T08:13:11,DS,73,1,0.0137
2026-07-13T08:13:11,Dacia,165,16,0.097
2026-07-13T08:13:11,Fiat,80,35,0.4375
2026-07-13T08:13:11,Ford,87,1,0.0115
2026-07-13T08:13:11,Honda,6,0,0.0
2026-07-13T08:13:11,Hyundai,63,3,0.0476
2026-07-13T08:13:11,Infiniti,1,0,0.0
2026-07-13T08:13:11,Jaecoo,4,0,0.0
2026-07-13T08:13:11,Jaguar,1,1,1.0
2026-07-13T08:13:11,Jeep,52,11,0.2115
2026-07-13T08:13:11,Kia,49,4,0.0816
2026-07-13T08:13:11,Lancia,1,0,0.0
2026-07-13T08:13:11,Lexus,2,0,0.0
2026-07-13T08:13:11,Lynk&Co,2,0,0.0
2026-07-13T08:13:11,MG,74,17,0.2297
2026-07-13T08:13:11,Mazda,12,3,0.25
2026-07-13T08:13:11,Mercedes,37,0,0.0
2026-07-13T08:13:11,Mini,29,3,0.1034
2026-07-13T08:13:11,Mitsubishi,1,0,0.0
2026-07-13T08:13:11,Nissan,55,1,0.0182
2026-07-13T08:13:11,Opel,121,28,0.2314
2026-07-13T08:13:11,Peugeot,672,78,0.1161
2026-07-13T08:13:11,Renault,453,96,0.2119
2026-07-13T08:13:11,Seat,30,0,0.0
2026-07-13T08:13:11,Skoda,27,2,0.0741
2026-07-13T08:13:11,Smart,6,6,1.0
2026-07-13T08:13:11,Suzuki,9,0,0.0
2026-07-13T08:13:11,Tesla,20,20,1.0
2026-07-13T08:13:11,Toyota,86,0,0.0
2026-07-13T08:13:11,Volkswagen,172,6,0.0349
2026-07-13T08:13:11,Volvo,22,2,0.0909
2026-07-13T08:13:11,XPENG,1,1,1.0
2026-07-13T08:54:56,Alfa Romeo,29,4,0.1379
2026-07-13T08:54:56,Alpine,1,1,1.0
2026-07-13T08:54:56,Audi,65,4,0.0615
2026-07-13T08:54:56,BMW,59,5,0.0847
2026-07-13T08:54:56,BYD,15,5,0.3333
2026-07-13T08:54:56,Citroën,269,34,0.1264
2026-07-13T08:54:56,Cupra,25,0,0.0
2026-07-13T08:54:56,DS,74,1,0.0135
2026-07-13T08:54:56,Dacia,162,16,0.0988
2026-07-13T08:54:56,Fiat,81,35,0.4321
2026-07-13T08:54:56,Ford,87,1,0.0115
2026-07-13T08:54:56,Honda,6,0,0.0
2026-07-13T08:54:56,Hyundai,62,2,0.0323
2026-07-13T08:54:56,Infiniti,1,0,0.0
2026-07-13T08:54:56,Jaecoo,4,0,0.0
2026-07-13T08:54:56,Jaguar,1,1,1.0
2026-07-13T08:54:56,Jeep,52,11,0.2115
2026-07-13T08:54:56,Kia,49,4,0.0816
2026-07-13T08:54:56,Lancia,1,0,0.0
2026-07-13T08:54:56,Lexus,2,0,0.0
2026-07-13T08:54:56,Lynk&Co,2,0,0.0
2026-07-13T08:54:56,MG,74,18,0.2432
2026-07-13T08:54:56,Mazda,12,3,0.25
2026-07-13T08:54:56,Mercedes,37,0,0.0
2026-07-13T08:54:56,Mini,30,3,0.1
2026-07-13T08:54:56,Mitsubishi,1,0,0.0
2026-07-13T08:54:56,Nissan,56,1,0.0179
2026-07-13T08:54:56,Opel,118,27,0.2288
2026-07-13T08:54:56,Peugeot,669,79,0.1181
2026-07-13T08:54:56,Renault,451,95,0.2106
2026-07-13T08:54:56,Seat,29,0,0.0
2026-07-13T08:54:56,Skoda,25,1,0.04
2026-07-13T08:54:56,Smart,6,6,1.0
2026-07-13T08:54:56,Suzuki,8,0,0.0
2026-07-13T08:54:56,Tesla,19,19,1.0
2026-07-13T08:54:56,Toyota,86,0,0.0
2026-07-13T08:54:56,Volkswagen,174,6,0.0345
2026-07-13T08:54:56,Volvo,23,2,0.087
2026-07-13T08:54:56,XPENG,1,1,1.0
2026-07-14T07:50:49,Alfa Romeo,25,4,0.16
2026-07-14T07:50:49,Alpine,1,1,1.0
2026-07-14T07:50:49,Audi,60,4,0.0667
2026-07-14T07:50:49,BMW,58,5,0.0862
2026-07-14T07:50:49,BYD,17,5,0.2941
2026-07-14T07:50:49,Citroën,268,31,0.1157
2026-07-14T07:50:49,Cupra,25,1,0.04
2026-07-14T07:50:49,DS,76,1,0.0132
2026-07-14T07:50:49,Dacia,152,18,0.1184
2026-07-14T07:50:49,Fiat,77,32,0.4156
2026-07-14T07:50:49,Ford,83,1,0.012
2026-07-14T07:50:49,Honda,7,0,0.0
2026-07-14T07:50:49,Hyundai,65,2,0.0308
2026-07-14T07:50:49,Jaecoo,4,0,0.0
2026-07-14T07:50:49,Jaguar,1,1,1.0
2026-07-14T07:50:49,Jeep,48,11,0.2292
2026-07-14T07:50:49,Kia,50,3,0.06
2026-07-14T07:50:49,Lancia,1,0,0.0
2026-07-14T07:50:49,Lexus,2,0,0.0
2026-07-14T07:50:49,Lynk&Co,2,0,0.0
2026-07-14T07:50:49,MG,71,17,0.2394
2026-07-14T07:50:49,Mazda,12,3,0.25
2026-07-14T07:50:49,Mercedes,38,0,0.0
2026-07-14T07:50:49,Mini,28,3,0.1071
2026-07-14T07:50:49,Mitsubishi,1,0,0.0
2026-07-14T07:50:49,Nissan,55,2,0.0364
2026-07-14T07:50:49,Opel,118,26,0.2203
2026-07-14T07:50:49,Peugeot,667,75,0.1124
2026-07-14T07:50:49,Renault,445,98,0.2202
2026-07-14T07:50:49,Seat,27,0,0.0
2026-07-14T07:50:49,Skoda,25,1,0.04
2026-07-14T07:50:49,Smart,6,6,1.0
2026-07-14T07:50:49,Suzuki,8,0,0.0
2026-07-14T07:50:49,Tesla,17,17,1.0
2026-07-14T07:50:49,Toyota,91,0,0.0
2026-07-14T07:50:49,Volkswagen,182,6,0.033
2026-07-14T07:50:49,Volvo,24,4,0.1667
2026-07-14T07:50:49,XPENG,1,1,1.0
2026-07-15T07:36:46,Alfa Romeo,24,4,0.1667
2026-07-15T07:36:46,Alpine,1,1,1.0
2026-07-15T07:36:46,Audi,65,4,0.0615
2026-07-15T07:36:46,BMW,59,5,0.0847
2026-07-15T07:36:46,BYD,16,5,0.3125
2026-07-15T07:36:46,Citroën,262,31,0.1183
2026-07-15T07:36:46,Cupra,26,1,0.0385
2026-07-15T07:36:46,DS,75,1,0.0133
2026-07-15T07:36:46,Dacia,150,18,0.12
2026-07-15T07:36:46,Fiat,75,32,0.4267
2026-07-15T07:36:46,Ford,80,1,0.0125
2026-07-15T07:36:46,Honda,6,0,0.0
2026-07-15T07:36:46,Hyundai,65,2,0.0308
2026-07-15T07:36:46,Jaecoo,4,0,0.0
2026-07-15T07:36:46,Jeep,48,11,0.2292
2026-07-15T07:36:46,Kia,47,3,0.0638
2026-07-15T07:36:46,Lancia,1,0,0.0
2026-07-15T07:36:46,Lexus,2,0,0.0
2026-07-15T07:36:46,Lynk&Co,2,0,0.0
2026-07-15T07:36:46,MG,67,13,0.194
2026-07-15T07:36:46,Mazda,12,3,0.25
2026-07-15T07:36:46,Mercedes,38,0,0.0
2026-07-15T07:36:46,Mini,27,3,0.1111
2026-07-15T07:36:46,Mitsubishi,1,0,0.0
2026-07-15T07:36:46,Nissan,53,2,0.0377
2026-07-15T07:36:46,Opel,116,27,0.2328
2026-07-15T07:36:46,Peugeot,651,73,0.1121
2026-07-15T07:36:46,Renault,441,96,0.2177
2026-07-15T07:36:46,Seat,28,0,0.0
2026-07-15T07:36:46,Skoda,23,1,0.0435
2026-07-15T07:36:46,Smart,6,6,1.0
2026-07-15T07:36:46,Suzuki,6,0,0.0
2026-07-15T07:36:46,Tesla,15,15,1.0
2026-07-15T07:36:46,Toyota,84,0,0.0
2026-07-15T07:36:46,Volkswagen,179,5,0.0279
2026-07-15T07:36:46,Volvo,27,4,0.1481
2026-07-15T07:36:46,XPENG,1,1,1.0
2026-07-15T07:55:10,Alfa Romeo,24,4,0.1667
2026-07-15T07:55:10,Alpine,1,1,1.0
2026-07-15T07:55:10,Audi,65,4,0.0615
2026-07-15T07:55:10,BMW,59,5,0.0847
2026-07-15T07:55:10,BYD,16,5,0.3125
2026-07-15T07:55:10,Citroën,258,30,0.1163
2026-07-15T07:55:10,Cupra,26,1,0.0385
2026-07-15T07:55:10,DS,75,1,0.0133
2026-07-15T07:55:10,Dacia,147,18,0.1224
2026-07-15T07:55:10,Fiat,75,32,0.4267
2026-07-15T07:55:10,Ford,80,1,0.0125
2026-07-15T07:55:10,Honda,5,0,0.0
2026-07-15T07:55:10,Hyundai,65,2,0.0308
2026-07-15T07:55:10,Jaecoo,4,0,0.0
2026-07-15T07:55:10,Jeep,47,11,0.234
2026-07-15T07:55:10,Kia,47,3,0.0638
2026-07-15T07:55:10,Lancia,1,0,0.0
2026-07-15T07:55:10,Lexus,2,0,0.0
2026-07-15T07:55:10,Lynk&Co,2,0,0.0
2026-07-15T07:55:10,MG,67,13,0.194
2026-07-15T07:55:10,Mazda,12,3,0.25
2026-07-15T07:55:10,Mercedes,38,0,0.0
2026-07-15T07:55:10,Mini,27,3,0.1111
2026-07-15T07:55:10,Mitsubishi,1,0,0.0
2026-07-15T07:55:10,Nissan,53,2,0.0377
2026-07-15T07:55:10,Opel,116,27,0.2328
2026-07-15T07:55:10,Peugeot,649,73,0.1125
2026-07-15T07:55:10,Renault,441,96,0.2177
2026-07-15T07:55:10,Seat,28,0,0.0
2026-07-15T07:55:10,Skoda,23,1,0.0435
2026-07-15T07:55:10,Smart,6,6,1.0
2026-07-15T07:55:10,Suzuki,6,0,0.0
2026-07-15T07:55:10,Tesla,15,15,1.0
2026-07-15T07:55:10,Toyota,84,0,0.0
2026-07-15T07:55:10,Volkswagen,179,5,0.0279
2026-07-15T07:55:10,Volvo,27,4,0.1481
2026-07-15T07:55:10,XPENG,1,1,1.0
2026-07-16T07:33:36,Alfa Romeo,25,5,0.2
2026-07-16T07:33:36,Alpine,1,1,1.0
2026-07-16T07:33:36,Audi,61,4,0.0656
2026-07-16T07:33:36,BMW,55,6,0.1091
2026-07-16T07:33:36,BYD,16,5,0.3125
2026-07-16T07:33:36,Citroën,264,35,0.1326
2026-07-16T07:33:36,Cupra,23,1,0.0435
2026-07-16T07:33:36,DS,73,1,0.0137
2026-07-16T07:33:36,Dacia,160,18,0.1125
2026-07-16T07:33:36,Fiat,75,29,0.3867
2026-07-16T07:33:36,Ford,78,1,0.0128
2026-07-16T07:33:36,Honda,5,0,0.0
2026-07-16T07:33:36,Hyundai,59,3,0.0508
2026-07-16T07:33:36,Jaecoo,4,0,0.0
2026-07-16T07:33:36,Jeep,47,10,0.2128
2026-07-16T07:33:36,Kia,48,3,0.0625
2026-07-16T07:33:36,Lancia,1,0,0.0
2026-07-16T07:33:36,Lexus,1,0,0.0
2026-07-16T07:33:36,Lynk&Co,2,0,0.0
2026-07-16T07:33:36,MG,64,13,0.2031
2026-07-16T07:33:36,Mazda,12,3,0.25
2026-07-16T07:33:36,Mercedes,34,0,0.0
2026-07-16T07:33:36,Mini,27,3,0.1111
2026-07-16T07:33:36,Mitsubishi,1,0,0.0
2026-07-16T07:33:36,Nissan,52,2,0.0385
2026-07-16T07:33:36,Opel,114,26,0.2281
2026-07-16T07:33:36,Peugeot,655,78,0.1191
2026-07-16T07:33:36,Renault,457,98,0.2144
2026-07-16T07:33:36,Seat,28,0,0.0
2026-07-16T07:33:36,Skoda,23,1,0.0435
2026-07-16T07:33:36,Smart,6,6,1.0
2026-07-16T07:33:36,Suzuki,5,0,0.0
2026-07-16T07:33:36,Tesla,16,16,1.0
2026-07-16T07:33:36,Toyota,87,0,0.0
2026-07-16T07:33:36,Volkswagen,175,5,0.0286
2026-07-16T07:33:36,Volvo,25,4,0.16
2026-07-16T07:33:36,XPENG,1,1,1.0
2026-07-16T08:00:18,Alfa Romeo,24,5,0.2083
2026-07-16T08:00:18,Alpine,1,1,1.0
2026-07-16T08:00:18,Audi,61,4,0.0656
2026-07-16T08:00:18,BMW,55,6,0.1091
2026-07-16T08:00:18,BYD,16,5,0.3125
2026-07-16T08:00:18,Citroën,266,36,0.1353
2026-07-16T08:00:18,Cupra,23,1,0.0435
2026-07-16T08:00:18,DS,72,1,0.0139
2026-07-16T08:00:18,Dacia,160,18,0.1125
2026-07-16T08:00:18,Fiat,76,29,0.3816
2026-07-16T08:00:18,Ford,77,1,0.013
2026-07-16T08:00:18,Honda,5,0,0.0
2026-07-16T08:00:18,Hyundai,59,3,0.0508
2026-07-16T08:00:18,Jaecoo,4,0,0.0
2026-07-16T08:00:18,Jeep,47,10,0.2128
2026-07-16T08:00:18,Kia,48,3,0.0625
2026-07-16T08:00:18,Lancia,1,0,0.0
2026-07-16T08:00:18,Lexus,1,0,0.0
2026-07-16T08:00:18,Lynk&Co,2,0,0.0
2026-07-16T08:00:18,MG,63,13,0.2063
2026-07-16T08:00:18,Mazda,12,3,0.25
2026-07-16T08:00:18,Mercedes,34,0,0.0
2026-07-16T08:00:18,Mini,27,3,0.1111
2026-07-16T08:00:18,Mitsubishi,1,0,0.0
2026-07-16T08:00:18,Nissan,51,2,0.0392
2026-07-16T08:00:18,Opel,113,26,0.2301
2026-07-16T08:00:18,Peugeot,652,78,0.1196
2026-07-16T08:00:18,Renault,455,98,0.2154
2026-07-16T08:00:18,Seat,28,0,0.0
2026-07-16T08:00:18,Skoda,23,1,0.0435
2026-07-16T08:00:18,Smart,6,6,1.0
2026-07-16T08:00:18,Suzuki,5,0,0.0
2026-07-16T08:00:18,Tesla,15,15,1.0
2026-07-16T08:00:18,Toyota,86,0,0.0
2026-07-16T08:00:18,Volkswagen,173,5,0.0289
2026-07-16T08:00:18,Volvo,25,4,0.16
2026-07-16T08:00:18,XPENG,1,1,1.0
2026-07-17T07:56:29,Alfa Romeo,27,6,0.2222
2026-07-17T07:56:29,Alpine,1,1,1.0
2026-07-17T07:56:29,Audi,61,3,0.0492
2026-07-17T07:56:29,BMW,58,6,0.1034
2026-07-17T07:56:29,BYD,15,7,0.4667
2026-07-17T07:56:29,Citroën,268,35,0.1306
2026-07-17T07:56:29,Cupra,29,0,0.0
2026-07-17T07:56:29,DS,75,2,0.0267
2026-07-17T07:56:29,Dacia,154,18,0.1169
2026-07-17T07:56:29,Fiat,76,29,0.3816
2026-07-17T07:56:29,Ford,78,1,0.0128
2026-07-17T07:56:29,Honda,4,0,0.0
2026-07-17T07:56:29,Hyundai,63,4,0.0635
2026-07-17T07:56:29,Jaecoo,4,0,0.0
2026-07-17T07:56:29,Jeep,49,9,0.1837
2026-07-17T07:56:29,Kia,47,3,0.0638
2026-07-17T07:56:29,Lancia,1,0,0.0
2026-07-17T07:56:29,Lexus,1,0,0.0
2026-07-17T07:56:29,Lynk&Co,3,0,0.0
2026-07-17T07:56:29,MG,58,10,0.1724
2026-07-17T07:56:29,Mazda,10,3,0.3
2026-07-17T07:56:29,Mercedes,34,0,0.0
2026-07-17T07:56:29,Mini,26,3,0.1154
2026-07-17T07:56:29,Mitsubishi,1,0,0.0
2026-07-17T07:56:29,Nissan,54,2,0.037
2026-07-17T07:56:29,Opel,115,27,0.2348
2026-07-17T07:56:29,Peugeot,650,86,0.1323
2026-07-17T07:56:29,Polestar,1,1,1.0
2026-07-17T07:56:29,Renault,460,102,0.2217
2026-07-17T07:56:29,Seat,31,0,0.0
2026-07-17T07:56:29,Skoda,25,1,0.04
2026-07-17T07:56:29,Smart,6,6,1.0
2026-07-17T07:56:29,Suzuki,7,0,0.0
2026-07-17T07:56:29,Tesla,16,16,1.0
2026-07-17T07:56:29,Toyota,84,0,0.0
2026-07-17T07:56:29,Volkswagen,173,3,0.0173
2026-07-17T07:56:29,Volvo,24,4,0.1667
2026-07-18T07:31:45,Alfa Romeo,28,5,0.1786
2026-07-18T07:31:45,Alpine,1,1,1.0
2026-07-18T07:31:45,Audi,60,3,0.05
2026-07-18T07:31:45,BMW,56,7,0.125
2026-07-18T07:31:45,BYD,14,6,0.4286
2026-07-18T07:31:45,Citroën,252,30,0.119
2026-07-18T07:31:45,Cupra,25,0,0.0
2026-07-18T07:31:45,DS,74,2,0.027
2026-07-18T07:31:45,Dacia,157,19,0.121
2026-07-18T07:31:45,Fiat,74,30,0.4054
2026-07-18T07:31:45,Ford,73,1,0.0137
2026-07-18T07:31:45,Honda,4,0,0.0
2026-07-18T07:31:45,Hyundai,66,3,0.0455
2026-07-18T07:31:45,Jaecoo,5,0,0.0
2026-07-18T07:31:45,Jeep,45,8,0.1778
2026-07-18T07:31:45,Kia,47,2,0.0426
2026-07-18T07:31:45,Lancia,1,0,0.0
2026-07-18T07:31:45,Lexus,1,0,0.0
2026-07-18T07:31:45,Lynk&Co,4,0,0.0
2026-07-18T07:31:45,MG,51,8,0.1569
2026-07-18T07:31:45,Mazda,10,2,0.2
2026-07-18T07:31:45,Mercedes,37,1,0.027
2026-07-18T07:31:45,Mini,27,3,0.1111
2026-07-18T07:31:45,Mitsubishi,2,0,0.0
2026-07-18T07:31:45,Nissan,52,2,0.0385
2026-07-18T07:31:45,Omoda,1,1,1.0
2026-07-18T07:31:45,Opel,110,26,0.2364
2026-07-18T07:31:45,Peugeot,637,79,0.124
2026-07-18T07:31:45,Polestar,1,1,1.0
2026-07-18T07:31:45,Renault,461,100,0.2169
2026-07-18T07:31:45,Seat,30,0,0.0
2026-07-18T07:31:45,Skoda,26,1,0.0385
2026-07-18T07:31:45,Smart,6,6,1.0
2026-07-18T07:31:45,Suzuki,4,0,0.0
2026-07-18T07:31:45,Tesla,17,17,1.0
2026-07-18T07:31:45,Toyota,85,0,0.0
2026-07-18T07:31:45,Volkswagen,168,2,0.0119
2026-07-18T07:31:45,Volvo,21,4,0.1905
2026-07-19T08:04:01,Alfa Romeo,28,5,0.1786
2026-07-19T08:04:01,Alpine,1,1,1.0
2026-07-19T08:04:01,Audi,58,3,0.0517
2026-07-19T08:04:01,BMW,55,7,0.1273
2026-07-19T08:04:01,BYD,14,6,0.4286
2026-07-19T08:04:01,Citroën,238,29,0.1218
2026-07-19T08:04:01,Cupra,24,0,0.0
2026-07-19T08:04:01,DS,72,2,0.0278
2026-07-19T08:04:01,Dacia,150,20,0.1333
2026-07-19T08:04:01,Fiat,69,29,0.4203
2026-07-19T08:04:01,Ford,64,1,0.0156
2026-07-19T08:04:01,Honda,4,0,0.0
2026-07-19T08:04:01,Hyundai,64,3,0.0469
2026-07-19T08:04:01,Jaecoo,4,0,0.0
2026-07-19T08:04:01,Jeep,44,7,0.1591
2026-07-19T08:04:01,Kia,46,2,0.0435
2026-07-19T08:04:01,Lancia,1,0,0.0
2026-07-19T08:04:01,Lexus,1,0,0.0
2026-07-19T08:04:01,Lynk&Co,4,0,0.0
2026-07-19T08:04:01,MG,46,8,0.1739
2026-07-19T08:04:01,Mazda,10,2,0.2
2026-07-19T08:04:01,Mercedes,36,1,0.0278
2026-07-19T08:04:01,Mini,25,3,0.12
2026-07-19T08:04:01,Mitsubishi,1,0,0.0
2026-07-19T08:04:01,Nissan,51,2,0.0392
2026-07-19T08:04:01,Omoda,1,1,1.0
2026-07-19T08:04:01,Opel,100,23,0.23
2026-07-19T08:04:01,Peugeot,601,78,0.1298
2026-07-19T08:04:01,Polestar,1,1,1.0
2026-07-19T08:04:01,Renault,435,98,0.2253
2026-07-19T08:04:01,Seat,30,0,0.0
2026-07-19T08:04:01,Skoda,25,1,0.04
2026-07-19T08:04:01,Smart,6,6,1.0
2026-07-19T08:04:01,Suzuki,5,0,0.0
2026-07-19T08:04:01,Tesla,17,17,1.0
2026-07-19T08:04:01,Toyota,81,0,0.0
2026-07-19T08:04:01,Volkswagen,158,2,0.0127
2026-07-19T08:04:01,Volvo,21,4,0.1905
2026-07-20T08:45:21,Alfa Romeo,27,5,0.1852
2026-07-20T08:45:21,Alpine,1,1,1.0
2026-07-20T08:45:21,Audi,59,3,0.0508
2026-07-20T08:45:21,BMW,57,7,0.1228
2026-07-20T08:45:21,BYD,14,6,0.4286
2026-07-20T08:45:21,Citroën,236,29,0.1229
2026-07-20T08:45:21,Cupra,25,0,0.0
2026-07-20T08:45:21,DS,74,2,0.027
2026-07-20T08:45:21,Dacia,155,20,0.129
2026-07-20T08:45:21,Fiat,69,29,0.4203
2026-07-20T08:45:21,Ford,64,1,0.0156
2026-07-20T08:45:21,Honda,4,0,0.0
2026-07-20T08:45:21,Hyundai,61,3,0.0492
2026-07-20T08:45:21,Jaecoo,4,0,0.0
2026-07-20T08:45:21,Jeep,44,7,0.1591
2026-07-20T08:45:21,Kia,46,1,0.0217
2026-07-20T08:45:21,Lancia,1,0,0.0
2026-07-20T08:45:21,Lexus,1,0,0.0
2026-07-20T08:45:21,Lynk&Co,4,0,0.0
2026-07-20T08:45:21,MG,46,8,0.1739
2026-07-20T08:45:21,Mazda,11,2,0.1818
2026-07-20T08:45:21,Mercedes,33,1,0.0303
2026-07-20T08:45:21,Mini,26,3,0.1154
2026-07-20T08:45:21,Mitsubishi,1,0,0.0
2026-07-20T08:45:21,Nissan,53,3,0.0566
2026-07-20T08:45:21,Omoda,1,1,1.0
2026-07-20T08:45:21,Opel,100,23,0.23
2026-07-20T08:45:21,Peugeot,596,78,0.1309
2026-07-20T08:45:21,Polestar,1,1,1.0
2026-07-20T08:45:21,Renault,435,96,0.2207
2026-07-20T08:45:21,Seat,31,0,0.0
2026-07-20T08:45:21,Skoda,24,1,0.0417
2026-07-20T08:45:21,Smart,6,6,1.0
2026-07-20T08:45:21,Suzuki,5,0,0.0
2026-07-20T08:45:21,Tesla,17,17,1.0
2026-07-20T08:45:21,Toyota,81,0,0.0
2026-07-20T08:45:21,Volkswagen,159,2,0.0126
2026-07-20T08:45:21,Volvo,21,4,0.1905
2026-07-21T08:12:42,Alfa Romeo,28,7,0.25
2026-07-21T08:12:42,Alpine,1,1,1.0
2026-07-21T08:12:42,Audi,64,3,0.0469
2026-07-21T08:12:42,BMW,59,7,0.1186
2026-07-21T08:12:42,BYD,15,5,0.3333
2026-07-21T08:12:42,Citroën,237,30,0.1266
2026-07-21T08:12:42,Cupra,27,0,0.0
2026-07-21T08:12:42,DS,77,1,0.013
2026-07-21T08:12:42,Dacia,154,18,0.1169
2026-07-21T08:12:42,Fiat,63,25,0.3968
2026-07-21T08:12:42,Ford,66,1,0.0152
2026-07-21T08:12:42,Honda,4,0,0.0
2026-07-21T08:12:42,Hyundai,69,4,0.058
2026-07-21T08:12:42,Jaecoo,4,0,0.0
2026-07-21T08:12:42,Jeep,44,6,0.1364
2026-07-21T08:12:42,Kia,45,1,0.0222
2026-07-21T08:12:42,Lancia,1,0,0.0
2026-07-21T08:12:42,Lexus,1,0,0.0
2026-07-21T08:12:42,Lynk&Co,3,0,0.0
2026-07-21T08:12:42,MG,50,8,0.16
2026-07-21T08:12:42,Mazda,10,2,0.2
2026-07-21T08:12:42,Mercedes,30,0,0.0
2026-07-21T08:12:42,Mini,26,3,0.1154
2026-07-21T08:12:42,Mitsubishi,1,0,0.0
2026-07-21T08:12:42,Nissan,52,4,0.0769
2026-07-21T08:12:42,Omoda,1,1,1.0
2026-07-21T08:12:42,Opel,96,23,0.2396
2026-07-21T08:12:42,Peugeot,593,74,0.1248
2026-07-21T08:12:42,Polestar,1,1,1.0
2026-07-21T08:12:42,Renault,416,99,0.238
2026-07-21T08:12:42,Seat,33,0,0.0
2026-07-21T08:12:42,Skoda,22,1,0.0455
2026-07-21T08:12:42,Smart,6,6,1.0
2026-07-21T08:12:42,Suzuki,7,0,0.0
2026-07-21T08:12:42,Tesla,18,18,1.0
2026-07-21T08:12:42,Toyota,82,0,0.0
2026-07-21T08:12:42,Volkswagen,154,2,0.013
2026-07-21T08:12:42,Volvo,22,4,0.1818
2026-07-22T08:13:00,Alfa Romeo,28,9,0.3214
2026-07-22T08:13:00,Alpine,1,1,1.0
2026-07-22T08:13:00,Audi,64,2,0.0312
2026-07-22T08:13:00,BMW,50,6,0.12
2026-07-22T08:13:00,BYD,14,6,0.4286
2026-07-22T08:13:00,Citroën,245,32,0.1306
2026-07-22T08:13:00,Cupra,28,0,0.0
2026-07-22T08:13:00,DS,78,1,0.0128
2026-07-22T08:13:00,Dacia,154,17,0.1104
2026-07-22T08:13:00,Fiat,66,26,0.3939
2026-07-22T08:13:00,Ford,66,1,0.0152
2026-07-22T08:13:00,Honda,4,0,0.0
2026-07-22T08:13:00,Hyundai,68,4,0.0588
2026-07-22T08:13:00,Jaecoo,5,0,0.0
2026-07-22T08:13:00,Jeep,46,6,0.1304
2026-07-22T08:13:00,Kia,46,2,0.0435
2026-07-22T08:13:00,Lancia,1,0,0.0
2026-07-22T08:13:00,Lexus,2,0,0.0
2026-07-22T08:13:00,Lynk&Co,3,0,0.0
2026-07-22T08:13:00,MG,51,6,0.1176
2026-07-22T08:13:00,Mazda,9,2,0.2222
2026-07-22T08:13:00,Mercedes,29,0,0.0
2026-07-22T08:13:00,Mini,27,5,0.1852
2026-07-22T08:13:00,Mitsubishi,2,0,0.0
2026-07-22T08:13:00,Nissan,56,3,0.0536
2026-07-22T08:13:00,Omoda,1,1,1.0
2026-07-22T08:13:00,Opel,94,22,0.234
2026-07-22T08:13:00,Peugeot,608,75,0.1234
2026-07-22T08:13:00,Polestar,1,1,1.0
2026-07-22T08:13:00,Renault,411,101,0.2457
2026-07-22T08:13:00,Seat,38,0,0.0
2026-07-22T08:13:00,Skoda,20,1,0.05
2026-07-22T08:13:00,Smart,6,6,1.0
2026-07-22T08:13:00,Suzuki,8,0,0.0
2026-07-22T08:13:00,Tesla,17,17,1.0
2026-07-22T08:13:00,Toyota,85,0,0.0
2026-07-22T08:13:00,Volkswagen,160,2,0.0125
2026-07-22T08:13:00,Volvo,23,4,0.1739
2026-07-23T08:16:29,Alfa Romeo,29,9,0.3103
2026-07-23T08:16:29,Alpine,1,1,1.0
2026-07-23T08:16:29,Audi,64,2,0.0312
2026-07-23T08:16:29,BMW,51,6,0.1176
2026-07-23T08:16:29,BYD,16,6,0.375
2026-07-23T08:16:29,Citroën,250,33,0.132
2026-07-23T08:16:29,Cupra,30,0,0.0
2026-07-23T08:16:29,DS,73,0,0.0
2026-07-23T08:16:29,Dacia,151,17,0.1126
2026-07-23T08:16:29,Fiat,71,26,0.3662
2026-07-23T08:16:29,Ford,65,1,0.0154
2026-07-23T08:16:29,Honda,4,0,0.0
2026-07-23T08:16:29,Hyundai,69,3,0.0435
2026-07-23T08:16:29,Jaecoo,3,0,0.0
2026-07-23T08:16:29,Jeep,45,6,0.1333
2026-07-23T08:16:29,Kia,48,3,0.0625
2026-07-23T08:16:29,Lancia,1,0,0.0
2026-07-23T08:16:29,Lexus,2,0,0.0
2026-07-23T08:16:29,Lynk&Co,3,0,0.0
2026-07-23T08:16:29,MG,47,7,0.1489
2026-07-23T08:16:29,Mazda,9,2,0.2222
2026-07-23T08:16:29,Mercedes,27,0,0.0
2026-07-23T08:16:29,Mini,27,5,0.1852
2026-07-23T08:16:29,Mitsubishi,2,0,0.0
2026-07-23T08:16:29,Nissan,57,3,0.0526
2026-07-23T08:16:29,Omoda,1,1,1.0
2026-07-23T08:16:29,Opel,96,18,0.1875
2026-07-23T08:16:29,Peugeot,632,78,0.1234
2026-07-23T08:16:29,Polestar,1,1,1.0
2026-07-23T08:16:29,Renault,410,98,0.239
2026-07-23T08:16:29,Seat,34,0,0.0
2026-07-23T08:16:29,Skoda,20,1,0.05
2026-07-23T08:16:29,Smart,6,6,1.0
2026-07-23T08:16:29,Suzuki,8,0,0.0
2026-07-23T08:16:29,Tesla,21,21,1.0
2026-07-23T08:16:29,Toyota,79,0,0.0
2026-07-23T08:16:29,Volkswagen,160,2,0.0125
2026-07-23T08:16:29,Volvo,22,4,0.1818
2026-07-24T08:12:20,Alfa Romeo,30,9,0.3
2026-07-24T08:12:20,Alpine,1,1,1.0
2026-07-24T08:12:20,Audi,64,2,0.0312
2026-07-24T08:12:20,BMW,50,6,0.12
2026-07-24T08:12:20,BYD,15,7,0.4667
2026-07-24T08:12:20,Citroën,273,33,0.1209
2026-07-24T08:12:20,Cupra,28,0,0.0
2026-07-24T08:12:20,DS,74,0,0.0
2026-07-24T08:12:20,Dacia,148,18,0.1216
2026-07-24T08:12:20,Fiat,78,27,0.3462
2026-07-24T08:12:20,Ford,68,1,0.0147
2026-07-24T08:12:20,Honda,4,0,0.0
2026-07-24T08:12:20,Hyundai,68,6,0.0882
2026-07-24T08:12:20,Jaecoo,3,0,0.0
2026-07-24T08:12:20,Jeep,47,6,0.1277
2026-07-24T08:12:20,Kia,50,2,0.04
2026-07-24T08:12:20,Lancia,1,0,0.0
2026-07-24T08:12:20,Lexus,2,0,0.0
2026-07-24T08:12:20,Lynk&Co,2,0,0.0
2026-07-24T08:12:20,MG,54,8,0.1481
2026-07-24T08:12:20,Mazda,8,2,0.25
2026-07-24T08:12:20,Mercedes,26,0,0.0
2026-07-24T08:12:20,Mini,25,4,0.16
2026-07-24T08:12:20,Mitsubishi,2,0,0.0
2026-07-24T08:12:20,Nissan,59,3,0.0508
2026-07-24T08:12:20,Omoda,1,1,1.0
2026-07-24T08:12:20,Opel,97,16,0.1649
2026-07-24T08:12:20,Peugeot,638,76,0.1191
2026-07-24T08:12:20,Polestar,1,1,1.0
2026-07-24T08:12:20,Renault,420,104,0.2476
2026-07-24T08:12:20,Seat,36,0,0.0
2026-07-24T08:12:20,Skoda,18,1,0.0556
2026-07-24T08:12:20,Smart,6,6,1.0
2026-07-24T08:12:20,Suzuki,8,0,0.0
2026-07-24T08:12:20,Tesla,23,23,1.0
2026-07-24T08:12:20,Toyota,83,0,0.0
2026-07-24T08:12:20,Volkswagen,164,3,0.0183
2026-07-24T08:12:20,Volvo,17,4,0.2353
2026-07-25T07:54:29,Alfa Romeo,28,8,0.2857
2026-07-25T07:54:29,Alpine,1,1,1.0
2026-07-25T07:54:29,Audi,70,2,0.0286
2026-07-25T07:54:29,BMW,51,6,0.1176
2026-07-25T07:54:29,BYD,17,7,0.4118
2026-07-25T07:54:29,Citroën,270,32,0.1185
2026-07-25T07:54:29,Cupra,29,0,0.0
2026-07-25T07:54:29,DS,73,1,0.0137
2026-07-25T07:54:29,Dacia,152,19,0.125
2026-07-25T07:54:29,Fiat,78,27,0.3462
2026-07-25T07:54:29,Ford,69,1,0.0145
2026-07-25T07:54:29,Honda,3,0,0.0
2026-07-25T07:54:29,Hyundai,60,5,0.0833
2026-07-25T07:54:29,Jaecoo,3,0,0.0
2026-07-25T07:54:29,Jeep,49,7,0.1429
2026-07-25T07:54:29,Kia,52,2,0.0385
2026-07-25T07:54:29,Lancia,1,0,0.0
2026-07-25T07:54:29,Lexus,2,0,0.0
2026-07-25T07:54:29,Lynk&Co,2,0,0.0
2026-07-25T07:54:29,MG,56,10,0.1786
2026-07-25T07:54:29,Mazda,8,2,0.25
2026-07-25T07:54:29,Mercedes,27,0,0.0
2026-07-25T07:54:29,Mini,25,4,0.16
2026-07-25T07:54:29,Mitsubishi,2,0,0.0
2026-07-25T07:54:29,Nissan,62,3,0.0484
2026-07-25T07:54:29,Opel,101,20,0.198
2026-07-25T07:54:29,Peugeot,642,76,0.1184
2026-07-25T07:54:29,Polestar,1,1,1.0
2026-07-25T07:54:29,Renault,420,97,0.231
2026-07-25T07:54:29,Seat,38,0,0.0
2026-07-25T07:54:29,Skoda,19,1,0.0526
2026-07-25T07:54:29,Smart,6,6,1.0
2026-07-25T07:54:29,Suzuki,9,0,0.0
2026-07-25T07:54:29,Tesla,23,23,1.0
2026-07-25T07:54:29,Toyota,82,0,0.0
2026-07-25T07:54:29,Volkswagen,177,3,0.0169
2026-07-25T07:54:29,Volvo,19,5,0.2632
2026-07-26T08:12:54,Alfa Romeo,27,8,0.2963
2026-07-26T08:12:54,Alpine,1,1,1.0
2026-07-26T08:12:54,Audi,72,2,0.0278
2026-07-26T08:12:54,BMW,50,6,0.12
2026-07-26T08:12:54,BYD,17,7,0.4118
2026-07-26T08:12:54,Citroën,253,32,0.1265
2026-07-26T08:12:54,Cupra,26,0,0.0
2026-07-26T08:12:54,DS,71,1,0.0141
2026-07-26T08:12:54,Dacia,140,17,0.1214
2026-07-26T08:12:54,Fiat,78,27,0.3462
2026-07-26T08:12:54,Ford,65,1,0.0154
2026-07-26T08:12:54,Honda,2,0,0.0
2026-07-26T08:12:54,Hyundai,54,2,0.037
2026-07-26T08:12:54,Jaecoo,3,0,0.0
2026-07-26T08:12:54,Jeep,49,7,0.1429
2026-07-26T08:12:54,Kia,47,2,0.0426
2026-07-26T08:12:54,Lancia,1,0,0.0
2026-07-26T08:12:54,Lexus,2,0,0.0
2026-07-26T08:12:54,Lynk&Co,2,0,0.0
2026-07-26T08:12:54,MG,48,8,0.1667
2026-07-26T08:12:54,Mazda,8,2,0.25
2026-07-26T08:12:54,Mercedes,25,0,0.0
2026-07-26T08:12:54,Mini,24,3,0.125
2026-07-26T08:12:54,Mitsubishi,2,0,0.0
2026-07-26T08:12:54,Nissan,56,3,0.0536
2026-07-26T08:12:54,Opel,99,20,0.202
2026-07-26T08:12:54,Peugeot,619,76,0.1228
2026-07-26T08:12:54,Polestar,1,1,1.0
2026-07-26T08:12:54,Renault,390,86,0.2205
2026-07-26T08:12:54,Seat,36,0,0.0
2026-07-26T08:12:54,Skoda,19,1,0.0526
2026-07-26T08:12:54,Smart,5,5,1.0
2026-07-26T08:12:54,Suzuki,9,0,0.0
2026-07-26T08:12:54,Tesla,22,22,1.0
2026-07-26T08:12:54,Toyota,74,0,0.0
2026-07-26T08:12:54,Volkswagen,177,3,0.0169
2026-07-26T08:12:54,Volvo,17,5,0.2941
2026-07-27T09:36:24,Alfa Romeo,26,8,0.3077
2026-07-27T09:36:24,Alpine,1,1,1.0
2026-07-27T09:36:24,Audi,73,2,0.0274
2026-07-27T09:36:24,BMW,51,6,0.1176
2026-07-27T09:36:24,BYD,18,6,0.3333
2026-07-27T09:36:24,Citroën,254,31,0.122
2026-07-27T09:36:24,Cupra,25,0,0.0
2026-07-27T09:36:24,DS,73,1,0.0137
2026-07-27T09:36:24,Dacia,141,18,0.1277
2026-07-27T09:36:24,Fiat,80,27,0.3375
2026-07-27T09:36:24,Ford,64,1,0.0156
2026-07-27T09:36:24,Honda,2,0,0.0
2026-07-27T09:36:24,Hyundai,55,4,0.0727
2026-07-27T09:36:24,Jaecoo,4,0,0.0
2026-07-27T09:36:24,Jeep,48,6,0.125
2026-07-27T09:36:24,Kia,49,2,0.0408
2026-07-27T09:36:24,Lexus,2,0,0.0
2026-07-27T09:36:24,Lynk&Co,2,0,0.0
2026-07-27T09:36:24,MG,47,9,0.1915
2026-07-27T09:36:24,Mazda,7,2,0.2857
2026-07-27T09:36:24,Mercedes,25,0,0.0
2026-07-27T09:36:24,Mini,22,3,0.1364
2026-07-27T09:36:24,Mitsubishi,2,0,0.0
2026-07-27T09:36:24,Nissan,57,3,0.0526
2026-07-27T09:36:24,Opel,100,20,0.2
2026-07-27T09:36:24,Peugeot,626,76,0.1214
2026-07-27T09:36:24,Polestar,1,1,1.0
2026-07-27T09:36:24,Renault,389,83,0.2134
2026-07-27T09:36:24,Seat,34,0,0.0
2026-07-27T09:36:24,Skoda,20,2,0.1
2026-07-27T09:36:24,Smart,6,5,0.8333
2026-07-27T09:36:24,Suzuki,10,0,0.0
2026-07-27T09:36:24,Tesla,21,21,1.0
2026-07-27T09:36:24,Toyota,76,0,0.0
2026-07-27T09:36:24,Volkswagen,170,4,0.0235
2026-07-27T09:36:24,Volvo,16,5,0.3125
2026-07-28T08:20:56,Alfa Romeo,22,7,0.3182
2026-07-28T08:20:56,Alpine,1,1,1.0
2026-07-28T08:20:56,Audi,74,2,0.027
2026-07-28T08:20:56,BMW,54,6,0.1111
2026-07-28T08:20:56,BYD,18,7,0.3889
2026-07-28T08:20:56,Citroën,253,31,0.1225
2026-07-28T08:20:56,Cupra,24,0,0.0
2026-07-28T08:20:56,DS,78,2,0.0256
2026-07-28T08:20:56,Dacia,133,17,0.1278
2026-07-28T08:20:56,Fiat,79,25,0.3165
2026-07-28T08:20:56,Ford,50,1,0.02
2026-07-28T08:20:56,Honda,4,0,0.0
2026-07-28T08:20:56,Hyundai,56,4,0.0714
2026-07-28T08:20:56,Jaecoo,4,0,0.0
2026-07-28T08:20:56,Jeep,50,7,0.14
2026-07-28T08:20:56,Kia,50,2,0.04
2026-07-28T08:20:56,Lexus,2,0,0.0
2026-07-28T08:20:56,Lynk&Co,2,0,0.0
2026-07-28T08:20:56,MG,45,8,0.1778
2026-07-28T08:20:56,Mazda,7,2,0.2857
2026-07-28T08:20:56,Mercedes,25,0,0.0
2026-07-28T08:20:56,Mini,22,3,0.1364
2026-07-28T08:20:56,Mitsubishi,3,0,0.0
2026-07-28T08:20:56,Nissan,61,3,0.0492
2026-07-28T08:20:56,Opel,99,20,0.202
2026-07-28T08:20:56,Peugeot,626,74,0.1182
2026-07-28T08:20:56,Polestar,1,1,1.0
2026-07-28T08:20:56,Renault,396,89,0.2247
2026-07-28T08:20:56,Seat,32,0,0.0
2026-07-28T08:20:56,Skoda,20,2,0.1
2026-07-28T08:20:56,Smart,6,5,0.8333
2026-07-28T08:20:56,Suzuki,9,0,0.0
2026-07-28T08:20:56,Tesla,21,21,1.0
2026-07-28T08:20:56,Toyota,76,0,0.0
2026-07-28T08:20:56,Volkswagen,171,3,0.0175
2026-07-28T08:20:56,Volvo,17,4,0.2353
2026-07-29T08:26:22,Alfa Romeo,25,7,0.28
2026-07-29T08:26:22,Alpine,1,1,1.0
2026-07-29T08:26:22,Audi,69,1,0.0145
2026-07-29T08:26:22,BMW,53,6,0.1132
2026-07-29T08:26:22,BYD,19,8,0.4211
2026-07-29T08:26:22,Citroën,259,30,0.1158
2026-07-29T08:26:22,Cupra,27,0,0.0
2026-07-29T08:26:22,DS,79,2,0.0253
2026-07-29T08:26:22,Dacia,140,18,0.1286
2026-07-29T08:26:22,Fiat,74,23,0.3108
2026-07-29T08:26:22,Ford,44,1,0.0227
2026-07-29T08:26:22,Honda,4,0,0.0
2026-07-29T08:26:22,Hyundai,58,4,0.069
2026-07-29T08:26:22,Jaecoo,3,0,0.0
2026-07-29T08:26:22,Jeep,47,6,0.1277
2026-07-29T08:26:22,Kia,45,2,0.0444
2026-07-29T08:26:22,Lexus,2,0,0.0
2026-07-29T08:26:22,Lynk&Co,2,0,0.0
2026-07-29T08:26:22,MG,45,6,0.1333
2026-07-29T08:26:22,Mazda,9,2,0.2222
2026-07-29T08:26:22,Mercedes,25,0,0.0
2026-07-29T08:26:22,Mini,21,3,0.1429
2026-07-29T08:26:22,Mitsubishi,3,0,0.0
2026-07-29T08:26:22,Nissan,60,3,0.05
2026-07-29T08:26:22,Opel,99,22,0.2222
2026-07-29T08:26:22,Peugeot,606,74,0.1221
2026-07-29T08:26:22,Polestar,1,1,1.0
2026-07-29T08:26:22,Renault,406,86,0.2118
2026-07-29T08:26:22,Seat,35,0,0.0
2026-07-29T08:26:22,Skoda,20,2,0.1
2026-07-29T08:26:22,Smart,6,5,0.8333
2026-07-29T08:26:22,Suzuki,9,0,0.0
2026-07-29T08:26:22,Tesla,22,22,1.0
2026-07-29T08:26:22,Toyota,74,0,0.0
2026-07-29T08:26:22,Volkswagen,163,3,0.0184
2026-07-29T08:26:22,Volvo,14,5,0.3571
2026-07-30T08:11:28,Alfa Romeo,26,7,0.2692
2026-07-30T08:11:28,Alpine,1,1,1.0
2026-07-30T08:11:28,Audi,66,1,0.0152
2026-07-30T08:11:28,BMW,51,6,0.1176
2026-07-30T08:11:28,BYD,19,9,0.4737
2026-07-30T08:11:28,Citroën,262,26,0.0992
2026-07-30T08:11:28,Cupra,26,0,0.0
2026-07-30T08:11:28,DS,81,1,0.0123
2026-07-30T08:11:28,Dacia,143,17,0.1189
2026-07-30T08:11:28,Fiat,75,22,0.2933
2026-07-30T08:11:28,Ford,47,1,0.0213
2026-07-30T08:11:28,Honda,4,0,0.0
2026-07-30T08:11:28,Hyundai,61,6,0.0984
2026-07-30T08:11:28,Jaecoo,3,0,0.0
2026-07-30T08:11:28,Jeep,47,6,0.1277
2026-07-30T08:11:28,Kia,48,4,0.0833
2026-07-30T08:11:28,Lexus,3,0,0.0
2026-07-30T08:11:28,Lynk&Co,2,0,0.0
2026-07-30T08:11:28,MG,45,7,0.1556
2026-07-30T08:11:28,Mazda,9,2,0.2222
2026-07-30T08:11:28,Mercedes,28,1,0.0357
2026-07-30T08:11:28,Mini,22,3,0.1364
2026-07-30T08:11:28,Mitsubishi,3,0,0.0
2026-07-30T08:11:28,Nissan,56,2,0.0357
2026-07-30T08:11:28,Opel,116,27,0.2328
2026-07-30T08:11:28,Peugeot,615,78,0.1268
2026-07-30T08:11:28,Polestar,1,1,1.0
2026-07-30T08:11:28,Renault,412,87,0.2112
2026-07-30T08:11:28,Seat,32,0,0.0
2026-07-30T08:11:28,Skoda,21,2,0.0952
2026-07-30T08:11:28,Smart,7,6,0.8571
2026-07-30T08:11:28,Suzuki,7,0,0.0
2026-07-30T08:11:28,Tesla,22,22,1.0
2026-07-30T08:11:28,Toyota,82,0,0.0
2026-07-30T08:11:28,Volkswagen,172,3,0.0174
2026-07-30T08:11:28,Volvo,18,6,0.3333
2026-07-31T08:38:42,Alfa Romeo,27,7,0.2593
2026-07-31T08:38:42,Alpine,1,1,1.0
2026-07-31T08:38:42,Audi,62,2,0.0323
2026-07-31T08:38:42,BMW,56,6,0.1071
2026-07-31T08:38:42,BYD,19,10,0.5263
2026-07-31T08:38:42,Citroën,273,25,0.0916
2026-07-31T08:38:42,Cupra,26,0,0.0
2026-07-31T08:38:42,DS,87,1,0.0115
2026-07-31T08:38:42,Dacia,153,18,0.1176
2026-07-31T08:38:42,Fiat,75,21,0.28
2026-07-31T08:38:42,Ford,51,1,0.0196
2026-07-31T08:38:42,Honda,5,0,0.0
2026-07-31T08:38:42,Hyundai,63,6,0.0952
2026-07-31T08:38:42,Jaecoo,3,0,0.0
2026-07-31T08:38:42,Jeep,50,6,0.12
2026-07-31T08:38:42,Kia,49,5,0.102
2026-07-31T08:38:42,Lexus,3,0,0.0
2026-07-31T08:38:42,Lynk&Co,2,0,0.0
2026-07-31T08:38:42,MG,46,6,0.1304
2026-07-31T08:38:42,Mazda,9,2,0.2222
2026-07-31T08:38:42,Mercedes,29,1,0.0345
2026-07-31T08:38:42,Mini,22,3,0.1364
2026-07-31T08:38:42,Mitsubishi,4,0,0.0
2026-07-31T08:38:42,Nissan,58,2,0.0345
2026-07-31T08:38:42,Opel,112,26,0.2321
2026-07-31T08:38:42,Peugeot,635,78,0.1228
2026-07-31T08:38:42,Polestar,1,1,1.0
2026-07-31T08:38:42,Renault,426,85,0.1995
2026-07-31T08:38:42,Seat,27,0,0.0
2026-07-31T08:38:42,Skoda,21,2,0.0952
2026-07-31T08:38:42,Smart,7,6,0.8571
2026-07-31T08:38:42,Ssangyong,1,1,1.0
2026-07-31T08:38:42,Suzuki,7,0,0.0
2026-07-31T08:38:42,Tesla,25,25,1.0
2026-07-31T08:38:42,Toyota,83,0,0.0
2026-07-31T08:38:42,Volkswagen,174,4,0.023
2026-07-31T08:38:42,Volvo,19,6,0.3158
2026-08-01T08:07:43,Alfa Romeo,26,6,0.2308
2026-08-01T08:07:43,Alpine,1,1,1.0
2026-08-01T08:07:43,Audi,63,2,0.0317
2026-08-01T08:07:43,BMW,59,6,0.1017
2026-08-01T08:07:43,BYD,15,5,0.3333
2026-08-01T08:07:43,Citroën,289,26,0.09
2026-08-01T08:07:43,Cupra,25,0,0.0
2026-08-01T08:07:43,DS,89,2,0.0225
2026-08-01T08:07:43,Dacia,152,17,0.1118
2026-08-01T08:07:43,Fiat,77,21,0.2727
2026-08-01T08:07:43,Ford,50,1,0.02
2026-08-01T08:07:43,Honda,4,0,0.0
2026-08-01T08:07:43,Hyundai,61,5,0.082
2026-08-01T08:07:43,Jaecoo,3,0,0.0
2026-08-01T08:07:43,Jeep,50,5,0.1
2026-08-01T08:07:43,Kia,46,5,0.1087
2026-08-01T08:07:43,Lexus,3,0,0.0
2026-08-01T08:07:43,Lynk&Co,2,0,0.0
2026-08-01T08:07:43,MG,54,10,0.1852
2026-08-01T08:07:43,Mazda,9,2,0.2222
2026-08-01T08:07:43,Mercedes,26,0,0.0
2026-08-01T08:07:43,Mini,22,3,0.1364
2026-08-01T08:07:43,Mitsubishi,4,0,0.0
2026-08-01T08:07:43,Nissan,57,2,0.0351
2026-08-01T08:07:43,Omoda,1,1,1.0
2026-08-01T08:07:43,Opel,114,22,0.193
2026-08-01T08:07:43,Peugeot,646,81,0.1254
2026-08-01T08:07:43,Polestar,1,1,1.0
2026-08-01T08:07:43,Renault,423,82,0.1939
2026-08-01T08:07:43,Seat,29,0,0.0
2026-08-01T08:07:43,Skoda,20,2,0.1
2026-08-01T08:07:43,Smart,6,5,0.8333
2026-08-01T08:07:43,Ssangyong,1,1,1.0
2026-08-01T08:07:43,Suzuki,7,0,0.0
2026-08-01T08:07:43,Tesla,24,24,1.0
2026-08-01T08:07:43,Toyota,75,0,0.0
2026-08-01T08:07:43,Volkswagen,182,4,0.022
2026-08-01T08:07:43,Volvo,19,6,0.3158
2026-08-02T08:09:46,Alfa Romeo,24,6,0.25
2026-08-02T08:09:46,Audi,64,2,0.0312
2026-08-02T08:09:46,BMW,54,6,0.1111
2026-08-02T08:09:46,BYD,14,4,0.2857
2026-08-02T08:09:46,Citroën,272,21,0.0772
2026-08-02T08:09:46,Cupra,23,0,0.0
2026-08-02T08:09:46,DS,89,2,0.0225
2026-08-02T08:09:46,Dacia,143,16,0.1119
2026-08-02T08:09:46,Fiat,75,20,0.2667
2026-08-02T08:09:46,Ford,46,1,0.0217
2026-08-02T08:09:46,Honda,4,0,0.0
2026-08-02T08:09:46,Hyundai,59,5,0.0847
2026-08-02T08:09:46,Jaecoo,3,0,0.0
2026-08-02T08:09:46,Jeep,49,5,0.102
2026-08-02T08:09:46,Kia,47,5,0.1064
2026-08-02T08:09:46,Lexus,3,0,0.0
2026-08-02T08:09:46,Lynk&Co,2,0,0.0
2026-08-02T08:09:46,MG,50,10,0.2
2026-08-02T08:09:46,Mazda,9,2,0.2222
2026-08-02T08:09:46,Mercedes,23,0,0.0
2026-08-02T08:09:46,Mini,22,3,0.1364
2026-08-02T08:09:46,Mitsubishi,4,0,0.0
2026-08-02T08:09:46,Nissan,53,2,0.0377
2026-08-02T08:09:46,Omoda,1,1,1.0
2026-08-02T08:09:46,Opel,115,22,0.1913
2026-08-02T08:09:46,Peugeot,604,78,0.1291
2026-08-02T08:09:46,Polestar,1,1,1.0
2026-08-02T08:09:46,Renault,403,79,0.196
2026-08-02T08:09:46,Seat,29,0,0.0
2026-08-02T08:09:46,Skoda,17,2,0.1176
2026-08-02T08:09:46,Smart,6,5,0.8333
2026-08-02T08:09:46,Ssangyong,1,1,1.0
2026-08-02T08:09:46,Suzuki,6,0,0.0
2026-08-02T08:09:46,Tesla,22,22,1.0
2026-08-02T08:09:46,Toyota,69,0,0.0
2026-08-02T08:09:46,Volkswagen,170,3,0.0176
2026-08-02T08:09:46,Volvo,18,6,0.3333
2026-08-03T09:29:39,Alfa Romeo,24,6,0.25
2026-08-03T09:29:39,Audi,61,0,0.0
2026-08-03T09:29:39,BMW,51,6,0.1176
2026-08-03T09:29:39,BYD,17,7,0.4118
2026-08-03T09:29:39,Citroën,272,22,0.0809
2026-08-03T09:29:39,Cupra,24,0,0.0
2026-08-03T09:29:39,DS,83,2,0.0241
2026-08-03T09:29:39,Dacia,140,15,0.1071
2026-08-03T09:29:39,Fiat,74,19,0.2568
2026-08-03T09:29:39,Ford,46,1,0.0217
2026-08-03T09:29:39,Honda,4,0,0.0
2026-08-03T09:29:39,Hyundai,59,5,0.0847
2026-08-03T09:29:39,Jaecoo,3,0,0.0
2026-08-03T09:29:39,Jeep,48,4,0.0833
2026-08-03T09:29:39,Kia,47,4,0.0851
2026-08-03T09:29:39,Lexus,3,0,0.0
2026-08-03T09:29:39,Lynk&Co,2,0,0.0
2026-08-03T09:29:39,MG,49,9,0.1837
2026-08-03T09:29:39,Mazda,9,2,0.2222
2026-08-03T09:29:39,Mercedes,23,0,0.0
2026-08-03T09:29:39,Mini,22,3,0.1364
2026-08-03T09:29:39,Mitsubishi,4,0,0.0
2026-08-03T09:29:39,Nissan,52,1,0.0192
2026-08-03T09:29:39,Omoda,1,1,1.0
2026-08-03T09:29:39,Opel,114,22,0.193
2026-08-03T09:29:39,Peugeot,604,78,0.1291
2026-08-03T09:29:39,Polestar,0,0,0.0
2026-08-03T09:29:39,Renault,408,79,0.1936
2026-08-03T09:29:39,Seat,29,0,0.0
2026-08-03T09:29:39,Skoda,17,2,0.1176
2026-08-03T09:29:39,Smart,6,5,0.8333
2026-08-03T09:29:39,Ssangyong,1,1,1.0
2026-08-03T09:29:39,Suzuki,5,0,0.0
2026-08-03T09:29:39,Tesla,24,24,1.0
2026-08-03T09:29:39,Toyota,66,0,0.0
2026-08-03T09:29:39,Volkswagen,168,3,0.0179
2026-08-03T09:29:39,Volvo,19,6,0.3158
2026-08-04T08:25:46,Alfa Romeo,21,6,0.2857
2026-08-04T08:25:46,Audi,64,2,0.0312
2026-08-04T08:25:46,BMW,52,6,0.1154
2026-08-04T08:25:46,BYD,17,7,0.4118
2026-08-04T08:25:46,Citroën,277,25,0.0903
2026-08-04T08:25:46,Cupra,24,0,0.0
2026-08-04T08:25:46,DS,82,2,0.0244
2026-08-04T08:25:46,Dacia,133,16,0.1203
2026-08-04T08:25:46,Fiat,73,18,0.2466
2026-08-04T08:25:46,Ford,45,1,0.0222
2026-08-04T08:25:46,Honda,5,0,0.0
2026-08-04T08:25:46,Hyundai,59,5,0.0847
2026-08-04T08:25:46,Jaecoo,3,0,0.0
2026-08-04T08:25:46,Jaguar,1,1,1.0
2026-08-04T08:25:46,Jeep,43,3,0.0698
2026-08-04T08:25:46,Kia,44,4,0.0909
2026-08-04T08:25:46,Lexus,2,0,0.0
2026-08-04T08:25:46,Lynk&Co,2,0,0.0
2026-08-04T08:25:46,MG,49,10,0.2041
2026-08-04T08:25:46,Mazda,10,2,0.2
2026-08-04T08:25:46,Mercedes,26,0,0.0
2026-08-04T08:25:46,Mini,21,3,0.1429
2026-08-04T08:25:46,Mitsubishi,4,0,0.0
2026-08-04T08:25:46,Nissan,57,2,0.0351
2026-08-04T08:25:46,Omoda,1,1,1.0
2026-08-04T08:25:46,Opel,117,25,0.2137
2026-08-04T08:25:46,Peugeot,602,73,0.1213
2026-08-04T08:25:46,Polestar,1,1,1.0
2026-08-04T08:25:46,Renault,413,74,0.1792
2026-08-04T08:25:46,Seat,30,0,0.0
2026-08-04T08:25:46,Skoda,14,2,0.1429
2026-08-04T08:25:46,Smart,6,5,0.8333
2026-08-04T08:25:46,Ssangyong,1,1,1.0
2026-08-04T08:25:46,Suzuki,5,0,0.0
2026-08-04T08:25:46,Tesla,21,22,1.0476
2026-08-04T08:25:46,Toyota,66,0,0.0
2026-08-04T08:25:46,Volkswagen,178,4,0.0225
2026-08-04T08:25:46,Volvo,21,7,0.3333
2026-08-05T08:23:31,Alfa Romeo,21,6,0.2857
2026-08-05T08:23:31,Audi,63,2,0.0317
2026-08-05T08:23:31,BMW,54,6,0.1111
2026-08-05T08:23:31,BYD,17,5,0.2941
2026-08-05T08:23:31,Citroën,285,27,0.0947
2026-08-05T08:23:31,Cupra,27,0,0.0
2026-08-05T08:23:31,DS,83,2,0.0241
2026-08-05T08:23:31,Dacia,135,12,0.0889
2026-08-05T08:23:31,Fiat,70,17,0.2429
2026-08-05T08:23:31,Ford,42,1,0.0238
2026-08-05T08:23:31,Honda,5,0,0.0
2026-08-05T08:23:31,Hyundai,62,6,0.0968
2026-08-05T08:23:31,Jaecoo,3,0,0.0
2026-08-05T08:23:31,Jaguar,1,1,1.0
2026-08-05T08:23:31,Jeep,42,2,0.0476
2026-08-05T08:23:31,Kia,44,5,0.1136
2026-08-05T08:23:31,Lexus,2,0,0.0
2026-08-05T08:23:31,Lynk&Co,2,0,0.0
2026-08-05T08:23:31,MG,50,7,0.14
2026-08-05T08:23:31,Mazda,12,3,0.25
2026-08-05T08:23:31,Mercedes,23,0,0.0
2026-08-05T08:23:31,Mini,21,3,0.1429
2026-08-05T08:23:31,Mitsubishi,4,0,0.0
2026-08-05T08:23:31,Nissan,58,2,0.0345
2026-08-05T08:23:31,Opel,118,24,0.2034
2026-08-05T08:23:31,Peugeot,612,80,0.1307
2026-08-05T08:23:31,Polestar,1,1,1.0
2026-08-05T08:23:31,Renault,432,70,0.162
2026-08-05T08:23:31,Seat,28,0,0.0
2026-08-05T08:23:31,Skoda,19,3,0.1579
2026-08-05T08:23:31,Smart,6,5,0.8333
2026-08-05T08:23:31,Ssangyong,1,1,1.0
2026-08-05T08:23:31,Suzuki,5,0,0.0
2026-08-05T08:23:31,Tesla,21,21,1.0
2026-08-05T08:23:31,Toyota,66,0,0.0
2026-08-05T08:23:31,Volkswagen,186,4,0.0215
2026-08-05T08:23:31,Volvo,18,5,0.2778
2026-08-06T08:20:39,Alfa Romeo,26,7,0.2692
2026-08-06T08:20:39,Audi,60,2,0.0333
2026-08-06T08:20:39,BMW,56,6,0.1071
2026-08-06T08:20:39,BYD,18,4,0.2222
2026-08-06T08:20:39,Citroën,289,25,0.0865
2026-08-06T08:20:39,Cupra,33,0,0.0
2026-08-06T08:20:39,DS,86,3,0.0349
2026-08-06T08:20:39,Dacia,138,12,0.087
2026-08-06T08:20:39,Fiat,72,16,0.2222
2026-08-06T08:20:39,Ford,49,1,0.0204
2026-08-06T08:20:39,Honda,5,0,0.0
2026-08-06T08:20:39,Hyundai,59,4,0.0678
2026-08-06T08:20:39,Jaecoo,3,0,0.0
2026-08-06T08:20:39,Jaguar,1,1,1.0
2026-08-06T08:20:39,Jeep,45,3,0.0667
2026-08-06T08:20:39,Kia,48,7,0.1458
2026-08-06T08:20:39,Lexus,2,0,0.0
2026-08-06T08:20:39,Lynk&Co,2,0,0.0
2026-08-06T08:20:39,MG,54,9,0.1667
2026-08-06T08:20:39,Mazda,11,3,0.2727
2026-08-06T08:20:39,Mercedes,25,0,0.0
2026-08-06T08:20:39,Mini,20,2,0.1
2026-08-06T08:20:39,Mitsubishi,4,0,0.0
2026-08-06T08:20:39,Nissan,62,3,0.0484
2026-08-06T08:20:39,Opel,116,25,0.2155
2026-08-06T08:20:39,Peugeot,625,77,0.1232
2026-08-06T08:20:39,Polestar,1,1,1.0
2026-08-06T08:20:39,Renault,432,67,0.1551
2026-08-06T08:20:39,Seat,28,0,0.0
2026-08-06T08:20:39,Skoda,20,3,0.15
2026-08-06T08:20:39,Smart,7,6,0.8571
2026-08-06T08:20:39,Suzuki,7,0,0.0
2026-08-06T08:20:39,Tesla,20,20,1.0
2026-08-06T08:20:39,Toyota,66,0,0.0
2026-08-06T08:20:39,Volkswagen,189,5,0.0265
2026-08-06T08:20:39,Volvo,19,5,0.2632
2026-08-07T07:03:06,Alfa Romeo,28,7,0.25
2026-08-07T07:03:06,Audi,58,2,0.0345
2026-08-07T07:03:06,BMW,56,5,0.0893
2026-08-07T07:03:06,BYD,20,4,0.2
2026-08-07T07:03:06,Citroën,286,25,0.0874
2026-08-07T07:03:06,Cupra,34,0,0.0
2026-08-07T07:03:06,DS,83,3,0.0361
2026-08-07T07:03:06,Dacia,140,13,0.0929
2026-08-07T07:03:06,Fiat,74,16,0.2162
2026-08-07T07:03:06,Ford,57,1,0.0175
2026-08-07T07:03:06,Honda,4,0,0.0
2026-08-07T07:03:06,Hyundai,57,4,0.0702
2026-08-07T07:03:06,Jaecoo,3,0,0.0
2026-08-07T07:03:06,Jaguar,1,1,1.0
2026-08-07T07:03:06,Jeep,46,3,0.0652
2026-08-07T07:03:06,Kia,45,8,0.1778
2026-08-07T07:03:06,Lexus,2,0,0.0
2026-08-07T07:03:06,Lynk&Co,2,0,0.0
2026-08-07T07:03:06,MG,49,10,0.2041
2026-08-07T07:03:06,Mazda,10,2,0.2
2026-08-07T07:03:06,Mercedes,24,0,0.0
2026-08-07T07:03:06,Mini,19,1,0.0526
2026-08-07T07:03:06,Mitsubishi,4,0,0.0
2026-08-07T07:03:06,Nissan,61,3,0.0492
2026-08-07T07:03:06,Opel,120,27,0.225
2026-08-07T07:03:06,Peugeot,633,76,0.1201
2026-08-07T07:03:06,Polestar,1,1,1.0
2026-08-07T07:03:06,Renault,445,68,0.1528
2026-08-07T07:03:06,Seat,26,0,0.0
2026-08-07T07:03:06,Skoda,20,3,0.15
2026-08-07T07:03:06,Smart,8,7,0.875
2026-08-07T07:03:06,Suzuki,7,0,0.0
2026-08-07T07:03:06,Tesla,20,20,1.0
2026-08-07T07:03:06,Toyota,69,0,0.0
2026-08-07T07:03:06,Volkswagen,196,5,0.0255
2026-08-07T07:03:06,Volvo,19,5,0.2632
2026-08-08T06:38:28,Abarth,1,0,0.0
2026-08-08T06:38:28,Alfa Romeo,28,8,0.2857
2026-08-08T06:38:28,Audi,59,2,0.0339
2026-08-08T06:38:28,BMW,57,5,0.0877
2026-08-08T06:38:28,BYD,19,3,0.1579
2026-08-08T06:38:28,Citroën,312,24,0.0769
2026-08-08T06:38:28,Cupra,34,0,0.0
2026-08-08T06:38:28,DS,86,3,0.0349
2026-08-08T06:38:28,Dacia,140,11,0.0786
2026-08-08T06:38:28,Fiat,76,15,0.1974
2026-08-08T06:38:28,Ford,57,2,0.0351
2026-08-08T06:38:28,Honda,4,0,0.0
2026-08-08T06:38:28,Hyundai,54,4,0.0741
2026-08-08T06:38:28,Jaecoo,4,0,0.0
2026-08-08T06:38:28,Jeep,46,3,0.0652
2026-08-08T06:38:28,Kia,44,7,0.1591
2026-08-08T06:38:28,Lexus,3,0,0.0
2026-08-08T06:38:28,Lynk&Co,2,0,0.0
2026-08-08T06:38:28,MG,47,6,0.1277
2026-08-08T06:38:28,Mazda,9,2,0.2222
2026-08-08T06:38:28,Mercedes,25,0,0.0
2026-08-08T06:38:28,Mini,23,2,0.087
2026-08-08T06:38:28,Mitsubishi,5,0,0.0
2026-08-08T06:38:28,Nissan,60,3,0.05
2026-08-08T06:38:28,Opel,117,32,0.2735
2026-08-08T06:38:28,Peugeot,669,83,0.1241
2026-08-08T06:38:28,Polestar,1,1,1.0
2026-08-08T06:38:28,Renault,445,64,0.1438
2026-08-08T06:38:28,Seat,33,0,0.0
2026-08-08T06:38:28,Skoda,19,2,0.1053
2026-08-08T06:38:28,Smart,8,7,0.875
2026-08-08T06:38:28,Suzuki,9,0,0.0
2026-08-08T06:38:28,Tesla,24,24,1.0
2026-08-08T06:38:28,Toyota,69,0,0.0
2026-08-08T06:38:28,Volkswagen,198,7,0.0354
2026-08-08T06:38:28,Volvo,21,5,0.2381
2026-08-09T06:42:04,Abarth,1,0,0.0
2026-08-09T06:42:04,Alfa Romeo,24,8,0.3333
2026-08-09T06:42:04,Audi,61,2,0.0328
2026-08-09T06:42:04,BMW,56,5,0.0893
2026-08-09T06:42:04,BYD,18,3,0.1667
2026-08-09T06:42:04,Citroën,306,24,0.0784
2026-08-09T06:42:04,Cupra,32,0,0.0
2026-08-09T06:42:04,DS,82,2,0.0244
2026-08-09T06:42:04,Dacia,133,11,0.0827
2026-08-09T06:42:04,Fiat,71,14,0.1972
2026-08-09T06:42:04,Ford,51,2,0.0392
2026-08-09T06:42:04,Honda,4,0,0.0
2026-08-09T06:42:04,Hyundai,51,4,0.0784
2026-08-09T06:42:04,Jaecoo,4,0,0.0
2026-08-09T06:42:04,Jeep,43,1,0.0233
2026-08-09T06:42:04,Kia,41,6,0.1463
2026-08-09T06:42:04,Lexus,2,0,0.0
2026-08-09T06:42:04,Lynk&Co,2,0,0.0
2026-08-09T06:42:04,MG,43,5,0.1163
2026-08-09T06:42:04,Mazda,10,3,0.3
2026-08-09T06:42:04,Mercedes,23,0,0.0
2026-08-09T06:42:04,Mini,23,2,0.087
2026-08-09T06:42:04,Mitsubishi,5,0,0.0
2026-08-09T06:42:04,Nissan,58,3,0.0517
2026-08-09T06:42:04,Opel,113,31,0.2743
2026-08-09T06:42:04,Peugeot,640,74,0.1156
2026-08-09T06:42:04,Polestar,1,1,1.0
2026-08-09T06:42:04,Renault,426,61,0.1432
2026-08-09T06:42:04,Seat,30,0,0.0
2026-08-09T06:42:04,Skoda,17,2,0.1176
2026-08-09T06:42:04,Smart,8,7,0.875
2026-08-09T06:42:04,Suzuki,9,0,0.0
2026-08-09T06:42:04,Tesla,23,23,1.0
2026-08-09T06:42:04,Toyota,61,0,0.0
2026-08-09T06:42:04,Volkswagen,194,6,0.0309
2026-08-09T06:42:04,Volvo,21,5,0.2381
2026-08-10T07:16:10,Abarth,1,0,0.0
2026-08-10T07:16:10,Alfa Romeo,24,8,0.3333
2026-08-10T07:16:10,Audi,60,2,0.0333
2026-08-10T07:16:10,BMW,55,5,0.0909
2026-08-10T07:16:10,BYD,19,3,0.1579
2026-08-10T07:16:10,Citroën,309,25,0.0809
2026-08-10T07:16:10,Cupra,34,0,0.0
2026-08-10T07:16:10,DS,82,2,0.0244
2026-08-10T07:16:10,Dacia,134,11,0.0821
2026-08-10T07:16:10,Fiat,69,13,0.1884
2026-08-10T07:16:10,Ford,51,2,0.0392
2026-08-10T07:16:10,Honda,4,0,0.0
2026-08-10T07:16:10,Hyundai,51,4,0.0784
2026-08-10T07:16:10,Jaecoo,4,0,0.0
2026-08-10T07:16:10,Jeep,43,2,0.0465
2026-08-10T07:16:10,Kia,40,6,0.15
2026-08-10T07:16:10,Lexus,3,0,0.0
2026-08-10T07:16:10,Lynk&Co,2,0,0.0
2026-08-10T07:16:10,MG,45,5,0.1111
2026-08-10T07:16:10,Mazda,10,3,0.3
2026-08-10T07:16:10,Mercedes,23,0,0.0
2026-08-10T07:16:10,Mini,23,2,0.087
2026-08-10T07:16:10,Mitsubishi,5,0,0.0
2026-08-10T07:16:10,Nissan,57,3,0.0526
2026-08-10T07:16:10,Opel,113,31,0.2743
2026-08-10T07:16:10,Peugeot,632,72,0.1139
2026-08-10T07:16:10,Polestar,1,1,1.0
2026-08-10T07:16:10,Renault,424,62,0.1462
2026-08-10T07:16:10,Seat,29,0,0.0
2026-08-10T07:16:10,Skoda,17,2,0.1176
2026-08-10T07:16:10,Smart,8,7,0.875
2026-08-10T07:16:10,Suzuki,9,0,0.0
2026-08-10T07:16:10,Tesla,23,23,1.0
2026-08-10T07:16:10,Toyota,61,0,0.0
2026-08-10T07:16:10,Volkswagen,196,6,0.0306
2026-08-10T07:16:10,Volvo,20,5,0.25
2026-08-11T06:54:12,Abarth,1,0,0.0
2026-08-11T06:54:12,Alfa Romeo,24,8,0.3333
2026-08-11T06:54:12,Audi,58,2,0.0345
2026-08-11T06:54:12,BMW,53,5,0.0943
2026-08-11T06:54:12,BYD,19,5,0.2632
2026-08-11T06:54:12,Citroën,300,25,0.0833
2026-08-11T06:54:12,Cupra,34,0,0.0
2026-08-11T06:54:12,DS,86,2,0.0233
2026-08-11T06:54:12,Dacia,144,12,0.0833
2026-08-11T06:54:12,Fiat,69,14,0.2029
2026-08-11T06:54:12,Ford,53,2,0.0377
2026-08-11T06:54:12,Honda,4,0,0.0
2026-08-11T06:54:12,Hyundai,55,4,0.0727
2026-08-11T06:54:12,Jaecoo,4,0,0.0
2026-08-11T06:54:12,Jeep,44,3,0.0682
2026-08-11T06:54:12,Kia,37,6,0.1622
2026-08-11T06:54:12,Lexus,4,0,0.0
2026-08-11T06:54:12,Lynk&Co,2,0,0.0
2026-08-11T06:54:12,MG,43,6,0.1395
2026-08-11T06:54:12,Mazda,9,3,0.3333
2026-08-11T06:54:12,Mercedes,23,0,0.0
2026-08-11T06:54:12,Mini,23,2,0.087
2026-08-11T06:54:12,Mitsubishi,5,0,0.0
2026-08-11T06:54:12,Nissan,59,4,0.0678
2026-08-11T06:54:12,Opel,114,29,0.2544
2026-08-11T06:54:12,Peugeot,659,84,0.1275
2026-08-11T06:54:12,Polestar,1,1,1.0
2026-08-11T06:54:12,Renault,428,58,0.1355
2026-08-11T06:54:12,Seat,30,0,0.0
2026-08-11T06:54:12,Skoda,18,3,0.1667
2026-08-11T06:54:12,Smart,8,7,0.875
2026-08-11T06:54:12,Suzuki,9,0,0.0
2026-08-11T06:54:12,Tesla,26,26,1.0
2026-08-11T06:54:12,Toyota,61,0,0.0
2026-08-11T06:54:12,Volkswagen,187,5,0.0267
2026-08-11T06:54:12,Volvo,21,5,0.2381
